timestamp,emg1,emg2,emg3,emg4,emg5,emg6,emg7,emg8
1615918476018663,-1,-2,-7,-6,4,7,-2,-1
1615918476018663,-2,0,-13,-14,-6,-1,4,-2
1615918476019661,-2,-5,-12,-22,-3,-12,-17,-3
1615918476019661,3,2,31,61,4,-1,2,2
1615918476024647,-2,-1,-16,-30,-3,6,1,-2
1615918476024647,-1,2,28,9,0,-6,-2,0
1615918476033624,-1,-2,-33,-20,-4,3,5,0
1615918476033624,-2,-1,10,-25,-5,-4,-3,-4
1615918476048583,-2,-4,-20,-9,0,-2,-3,-2
1615918476048583,2,1,1,22,-1,-1,1,1
1615918476049581,-3,0,-3,-29,-3,-4,1,-1
1615918476049581,-4,-5,-2,-20,-4,-3,3,-2
1615918476071546,1,1,14,16,0,5,-1,1
1615918476071546,0,0,8,25,3,-2,0,0
1615918476072520,0,0,1,-1,-3,-1,3,-2
1615918476072520,1,1,-14,-26,0,-1,-9,2
1615918476085484,0,1,15,5,-1,1,3,-2
1615918476085484,-1,-4,-18,-8,-1,1,-4,-1
1615918476093463,1,-2,-7,14,-1,5,3,1
1615918476093463,-1,-4,-11,-7,-1,-9,-4,-1
1615918476108423,0,-4,-18,-26,-3,-1,0,-1
1615918476108423,1,1,21,27,-1,5,-2,-2
1615918476109421,-1,2,8,12,0,2,3,-1
1615918476109421,-1,-3,1,-18,-1,5,-3,-2
1615918476131362,-1,-2,-24,4,3,3,4,0
1615918476131362,-1,-4,-6,-14,-1,-8,-11,-3
1615918476132360,2,-1,3,-4,-1,1,-5,0
1615918476132360,-2,-1,15,17,1,-2,0,0
1615918476145325,2,5,9,10,4,4,6,4
1615918476145325,-2,-2,-10,-19,-2,3,4,1
1615918476153305,-2,-2,3,-8,3,-7,0,0
1615918476153305,0,1,6,17,0,3,-1,-1
1615918476169261,-4,-4,-22,-2,-2,-4,-3,-3
1615918476169261,-1,1,16,-12,-2,-2,1,1
1615918476169261,-3,-1,-10,3,2,-2,-4,-3
1615918476169261,3,1,-5,1,-3,2,4,1
1615918476191202,-1,-4,1,-19,-3,-2,0,0
1615918476191202,-1,2,2,21,3,-1,-15,-4
1615918476192203,-3,-5,-17,-3,-3,0,3,-1
1615918476192203,-2,-4,-34,-7,0,1,1,-1
1615918476205164,0,-2,-2,17,-1,-7,-5,1
1615918476205164,-1,0,-6,-23,0,-9,1,-1
1615918476212900,-3,-1,20,14,-1,4,0,-1
1615918476212900,-3,-4,-17,-20,-1,-3,-3,-2
1615918476227860,2,4,17,16,1,3,-2,-1
1615918476227860,-2,-3,-11,-5,-2,3,12,1
1615918476228857,-2,-4,-8,5,-2,-3,-13,-2
1615918476228857,-2,3,1,-42,-4,-4,8,0
1615918476251578,-3,-3,21,33,1,1,-10,-3
1615918476251578,1,0,15,3,-1,-4,2,1
1615918476252554,1,0,-20,5,-2,-1,2,1
1615918476252554,0,0,18,2,-5,-5,-8,-2
1615918476265519,1,-1,-21,-7,1,1,3,1
1615918476265519,-4,3,-1,-5,0,-1,0,-3
1615918476273521,-1,-2,-3,-21,-1,8,-3,-2
1615918476273521,0,0,10,28,-9,-11,-3,0
1615918476288481,1,-2,-11,-17,-2,-8,-2,0
1615918476288481,-4,-1,-2,-3,0,0,-5,-4
1615918476295454,1,-3,-6,-6,-2,-2,1,-1
1615918476295454,-2,-3,-17,2,0,6,0,-1
1615918476319400,-1,1,23,-6,-1,-4,3,1
1615918476319400,-1,-2,-2,8,-4,-4,-1,-1
1615918476319400,-2,-4,-4,0,-4,-5,-7,-1
1615918476319400,2,8,29,16,2,0,3,-1
1615918476325385,-4,-7,-19,-29,-2,-3,-2,-3
1615918476325385,0,2,23,25,-1,7,5,1
1615918476341329,1,3,11,4,3,-8,1,2
1615918476341329,-2,-4,6,1,4,4,-1,-1
1615918476348297,-2,1,-19,-9,-2,3,0,-2
1615918476348297,-1,-4,-6,-41,-3,-4,-4,2
1615918476349295,-2,-8,3,40,0,-1,4,-1
1615918476349295,-2,-2,15,6,0,4,1,-3
1615918476371260,1,-1,6,3,-4,-7,-14,-2
1615918476371260,-1,-9,-41,-32,1,6,0,-3
1615918476372233,0,5,3,-2,-3,-2,-3,-3
1615918476372233,-1,-3,-18,-14,-1,-8,5,1
1615918476394175,-2,3,25,6,0,5,2,0
1615918476394175,0,2,7,19,3,3,2,0
1615918476396169,-5,-5,-11,1,-2,0,0,-4
1615918476396169,0,0,-11,-12,-1,1,-5,1
1615918476408137,-2,3,20,30,0,-1,8,-1
1615918476408137,-2,-4,-36,-11,-2,-5,-13,0
1615918476409136,2,4,2,-16,0,3,7,3
1615918476409136,-1,-3,5,-7,-3,0,0,-2
1615918476431100,-2,-5,-3,13,0,-1,-13,-2
1615918476431100,-2,-3,-10,-15,-3,0,7,0
1615918476432074,3,6,16,14,4,-1,1,2
1615918476432074,0,-2,-4,-4,1,1,-1,-2
1615918476454039,-3,-5,-21,-6,-3,-1,1,-2
1615918476454039,0,2,0,8,0,0,-2,-2
1615918476455013,-1,-4,-13,7,-2,-8,-7,-2
1615918476455013,-1,-1,-21,-6,2,3,-2,1
1615918476468001,0,1,18,-10,-1,5,2,-1
1615918476468001,3,2,-8,-1,3,5,2,2
1615918476468975,-2,-3,-8,3,-1,-6,1,-2
1615918476468975,1,2,16,4,1,1,1,-1
1615918476491939,-4,-5,-23,-20,-2,-2,-14,-3
1615918476491939,-1,-1,8,-7,-3,-8,-3,-2
1615918476491939,2,5,2,-3,-4,-1,3,2
1615918476491939,-4,-3,-10,-16,-4,-2,-5,-2
1615918476513879,-1,0,16,26,3,6,5,-1
1615918476513879,-2,1,2,-5,1,-4,0,0
1615918476514852,-4,-8,8,15,-3,2,-4,-2
1615918476514852,2,5,10,-10,3,0,0,0
1615918476528814,0,-1,-6,3,-7,-11,3,-1
1615918476528814,-1,-5,-11,12,0,0,-4,-3
1615918476528814,-3,0,3,5,1,-3,-1,-3
1615918476528814,-1,0,1,-3,-5,-2,4,0
1615918476551780,-1,-2,-6,14,2,1,-10,0
1615918476551780,-1,-3,5,-11,-2,1,4,0
1615918476552751,-1,0,3,-15,0,6,-2,-1
1615918476552751,-1,1,12,19,2,-3,-3,1
1615918476573719,-2,-4,-20,-12,-7,-8,7,-1
1615918476573719,-1,-2,8,-15,-3,-5,-6,-2
1615918476574692,0,3,22,8,5,10,8,1
1615918476574692,1,-1,-12,7,-1,-2,1,0
1615918476588678,-2,-3,6,-3,0,-4,-10,-1
1615918476588678,-2,-4,-28,-14,2,-1,0,-1
1615918476589652,3,3,17,1,-4,-2,-5,0
1615918476589652,-2,-7,-20,6,3,-6,-2,-3
1615918476610596,0,2,24,20,-1,-4,2,-3
1615918476610596,-1,-1,2,-18,-3,0,-1,-1
1615918476618575,-3,-4,-14,-23,-6,-5,-4,-2
1615918476618575,0,-4,-6,14,-3,-3,-5,-1
1615918476633535,1,2,10,-32,2,5,5,1
1615918476633535,2,8,54,46,1,3,-2,1
1615918476634532,-4,-7,-35,-62,-3,0,8,-2
1615918476634532,0,7,54,63,3,-5,-9,-1
1615918476648495,-4,-8,-32,-20,0,5,1,-3
1615918476648495,2,4,18,45,2,-3,-6,-1
1615918476649493,0,-2,-2,-16,2,-2,0,-1
1615918476649493,-3,-4,-11,-24,-3,2,1,-4
1615918476671194,0,-4,-17,-8,-1,0,6,0
1615918476671194,-2,1,7,-10,2,5,-1,-3
1615918476672192,3,0,39,19,-1,-8,-2,1
1615918476672192,-1,-3,-20,9,0,7,-2,0
1615918476695153,-1,3,12,6,-3,-3,3,0
1615918476695153,-5,-6,-42,-33,-3,-3,-2,-6
1615918476696128,3,5,9,10,-3,-2,-5,2
1615918476696128,-1,-7,-15,-10,3,6,2,0
1615918476708124,1,2,0,1,1,-2,-2,-1
1615918476708124,2,-2,-2,-10,-2,-4,5,2
1615918476709112,-2,-2,-7,14,1,5,7,1
1615918476709112,-1,-1,-11,-19,-1,-4,-4,-1
1615918476731631,-2,-3,-3,-2,-2,2,3,0
1615918476731631,-2,1,3,10,-3,-1,-3,1
1615918476732630,-2,-2,-17,3,1,-4,-2,-1
1615918476732630,-1,1,12,-33,-3,-7,-1,1
1615918476753572,-2,-1,2,18,2,2,-4,-2
1615918476753572,2,3,6,4,0,3,2,-2
1615918476754570,0,-2,-7,7,-1,-2,-4,-3
1615918476754570,0,-3,-3,-3,-2,-1,1,-1
1615918476768558,0,2,17,-13,-4,0,-4,0
1615918476768558,-2,0,-16,21,-3,-4,0,-1
1615918476769557,1,-1,-10,-10,3,1,-1,0
1615918476769557,0,-1,-21,-14,-2,2,2,0
1615918476791496,0,-2,8,-4,-2,-1,-13,-3
1615918476791496,-2,-1,4,15,-2,-2,0,-1
1615918476792469,-1,2,31,4,-6,-3,-1,0
1615918476792469,-3,-4,-40,2,-3,-2,0,-2
1615918476814410,-1,0,-4,-15,3,-2,2,0
1615918476814410,-3,-5,6,13,-4,1,-2,-2
1615918476814410,0,-1,-4,-4,-1,-10,-4,1
1615918476814410,0,4,41,21,-3,5,6,-2
1615918476827400,-1,2,-37,-26,-6,-11,-9,-3
1615918476827400,-1,-2,18,7,2,0,2,0
1615918476836378,-1,-5,-23,-29,2,8,-3,-3
1615918476836378,2,1,-11,27,5,-8,-1,0
1615918476851312,0,4,34,-11,-4,-1,5,1
1615918476851312,-3,-3,-5,1,-1,-4,-1,-3
1615918476852309,-4,-3,-12,3,-1,2,-5,-3
1615918476852309,-2,0,15,-19,1,-3,2,1
1615918476874250,2,1,-18,2,0,4,4,0
1615918476874250,0,1,6,9,11,0,0,0
1615918476875247,-4,-2,-10,22,-6,-3,-2,-3
1615918476875247,1,0,21,-2,-3,3,-7,-1
1615918476896216,-2,-4,2,4,0,-1,2,-1
1615918476896216,-2,0,6,6,-2,-6,-2,0
1615918476897189,0,-3,-23,-14,2,4,1,1
1615918476897189,0,5,25,9,1,2,-1,0
1615918476911152,0,-3,-5,0,-1,-2,1,-2
1615918476911152,-1,-7,-29,-26,-1,8,2,-1
1615918476912169,1,7,21,11,1,-5,-9,1
1615918476912169,1,0,-11,-1,-2,4,7,0
1615918476934115,-1,-3,-3,-5,2,-1,-4,-3
1615918476934115,-1,0,-3,-9,-5,-4,1,-1
1615918476935088,-1,0,28,-5,-2,-6,-2,0
1615918476935088,0,-3,-5,20,1,2,2,1
1615918476948053,0,1,2,3,1,5,-1,0
1615918476948053,-4,-7,-17,-19,-1,3,0,-2
1615918476949051,0,-1,0,2,2,-5,4,1
1615918476949051,-3,-1,-15,-25,-7,-5,-2,-2
1615918476971080,1,7,9,31,3,6,-6,0
1615918476971080,-1,-1,-2,0,-3,-9,-5,2
1615918476972183,-1,0,2,-7,1,5,3,0
1615918476972183,-5,-5,0,-5,-4,-5,-2,-4
1615918476994017,0,-4,-18,-44,-3,-11,-1,-1
1615918476994017,0,4,62,55,4,5,0,-1
1615918476995014,-3,-5,-38,-4,-5,2,-1,-3
1615918476995014,0,-1,22,-11,0,2,-3,0
1615918477007232,-1,-1,5,1,0,-4,1,-1
1615918477007232,2,0,1,-14,0,3,-1,-1
1615918477016344,0,-5,-21,-3,-1,-5,-4,-1
1615918477016344,-1,-1,2,10,2,0,1,-2
1615918477031302,-1,-1,-10,9,-1,3,-3,-1
1615918477031302,0,-1,-5,-13,-3,3,3,2
1615918477031302,0,1,7,16,-1,0,6,-1
1615918477031302,-2,-3,-27,-13,-4,-9,-21,-5
1615918477054265,0,-2,1,5,1,2,7,-1
1615918477054265,-1,-2,-23,4,-5,-11,-4,-2
1615918477055263,-3,-1,3,-1,-3,3,0,-3
1615918477055263,4,2,-12,-23,0,4,1,0
1615918477067240,-4,-2,4,23,1,1,1,-2
1615918477067240,1,0,-9,-12,-2,1,-1,-1
1615918477076209,-2,0,-7,-12,0,-3,-4,-2
1615918477076209,-1,-3,-7,4,-3,-2,3,2
1615918477091142,-1,-2,3,-1,-6,-4,-4,-1
1615918477091142,-1,1,-13,-17,-1,0,4,1
1615918477092164,1,0,17,8,-2,0,0,-2
1615918477092164,-1,-3,5,4,1,-2,-13,-4
1615918477114106,0,2,-11,-5,1,-2,0,-1
1615918477114106,0,-6,-14,-25,-2,-1,-1,-1
1615918477115078,1,3,3,32,0,-4,2,3
1615918477115078,-4,-4,-6,-25,0,2,5,-3
1615918477128043,-1,2,38,15,-5,-2,-13,-1
1615918477128043,1,2,-4,-19,1,2,0,0
1615918477136022,0,-4,-1,14,-3,0,-5,-1
1615918477136022,0,2,16,7,2,5,1,1
1615918477150982,0,0,-5,10,-5,-5,6,-2
1615918477150982,-3,-6,-26,-24,-5,1,5,-2
1615918477151980,-1,-1,27,1,-4,-5,-4,-3
1615918477151980,-1,3,-13,21,2,-2,-13,-1
1615918477174918,-1,-5,1,-4,-1,-4,4,0
1615918477174918,-2,-5,-29,-5,0,-1,-6,-2
1615918477174918,1,1,11,2,0,1,6,3
1615918477174918,-2,-4,-14,-38,-3,-2,3,-1
1615918477187884,1,-1,0,9,1,1,-2,-2
1615918477187884,-1,3,14,21,1,2,-3,-1
1615918477195863,-2,-4,-3,-20,-3,-6,-5,0
1615918477195863,-3,-3,18,-3,-6,-12,12,-2
1615918477210822,-4,0,-13,10,5,4,-18,-1
1615918477210822,-1,-2,3,-20,-2,0,2,-1
1615918477211820,-1,4,18,46,1,-1,-1,1
1615918477211820,2,1,18,-9,-4,-4,-2,2
1615918477234758,-2,-2,1,16,0,4,12,0
1615918477234758,0,-2,1,5,-3,1,-1,0
1615918477235756,-1,-4,-9,-21,-1,-6,-4,-3
1615918477235756,-1,-2,-12,-7,-1,5,-1,0
1615918477247723,0,-3,-10,-6,-2,-11,-4,1
1615918477247723,-1,-2,0,0,-1,-1,-4,-2
1615918477255702,1,1,0,-29,2,7,3,-1
1615918477255702,0,-1,12,35,3,0,0,1
1615918477270662,0,4,4,-28,-4,2,6,1
1615918477270662,-1,2,14,26,0,-5,0,-3
1615918477271659,0,0,-5,-18,4,-1,-4,0
1615918477271659,-2,-3,-7,-2,-1,0,6,-1
1615918477293601,0,-1,-39,-9,1,1,-16,-3
1615918477293601,-1,1,19,10,1,-2,5,1
1615918477294599,1,2,-18,-16,-1,1,3,3
1615918477294599,-1,-2,-1,16,1,1,-7,-2
1615918477307563,-2,-3,-7,-10,-1,-1,4,-1
1615918477307563,2,-3,-12,-23,-4,0,2,0
1615918477315542,-2,-6,-13,1,6,0,-7,-4
1615918477315542,3,2,10,-2,1,-2,5,2
1615918477339478,-3,1,25,18,-6,-9,-14,-3
1615918477339478,-2,0,-6,-12,1,2,-4,-2
1615918477339478,-2,-6,-19,-1,-2,4,7,1
1615918477339478,1,8,23,14,-5,-7,-2,-1
1615918477353441,-1,-2,3,-12,3,-1,5,-1
1615918477353441,-1,0,3,8,0,-6,-6,-2
1615918477360422,-3,-5,-24,-43,-8,0,-2,-3
1615918477360422,-3,1,5,45,2,-1,-3,-2
1615918477384359,1,-1,12,20,4,5,7,1
1615918477384359,-1,0,-6,-7,-10,-11,-14,0
1615918477384359,0,-3,-12,-10,1,-3,-2,-2
1615918477384359,-4,-3,-16,-11,-3,-7,-1,-4
1615918477390342,1,-6,-24,-29,-1,8,8,0
1615918477390342,-1,6,44,35,-1,-5,-8,-3
1615918477391340,-2,1,1,5,0,5,-2,0
1615918477391340,-1,-6,-29,-8,-2,0,-5,-1
1615918477414278,1,3,-11,-13,-1,-1,8,1
1615918477414278,-1,-6,-22,-36,-2,2,5,0
1615918477415277,1,4,29,31,-1,-4,-6,-2
1615918477415277,-1,-2,-3,19,0,3,1,3
1615918477436219,-2,-3,-12,-15,-3,-5,-4,-2
1615918477436219,1,1,13,5,1,4,1,0
1615918477437216,-4,-3,-5,-13,-4,-2,-1,-3
1615918477437216,2,5,24,20,8,6,-3,1
1615918477450897,1,-1,-8,-11,-3,4,12,2
1615918477450897,-2,0,1,11,1,-9,-25,-4
1615918477451870,0,0,-14,-11,-10,-13,0,0
1615918477451870,-3,-3,-18,-35,-7,-6,-4,-4
1615918477473834,0,0,-8,10,-1,1,-4,-1
1615918477473834,-1,2,20,33,4,5,11,0
1615918477474808,0,-3,-6,-19,-2,2,3,0
1615918477474808,1,-4,-15,-9,-1,-2,-8,-2
1615918477496774,-2,3,43,4,2,-2,-2,-3
1615918477496774,0,2,1,7,1,3,9,2
1615918477497746,-1,-3,-6,2,-5,-2,-5,-2
1615918477497746,-1,1,-3,-19,-2,-3,1,-2
1615918477510735,-2,-3,-20,15,-3,-6,3,-1
1615918477510735,-1,-6,-33,-23,-3,-4,-11,0
1615918477511710,2,8,36,26,6,4,4,1
1615918477511710,0,-2,6,-14,-2,-4,0,-2
1615918477533651,-1,-3,-11,-22,-2,3,-1,-3
1615918477533651,-4,-3,-18,-22,-1,3,4,1
1615918477534673,1,2,30,48,2,-3,-1,1
1615918477534673,-4,-3,-9,-4,1,0,4,-3
1615918477556589,2,0,1,3,-2,2,-14,-1
1615918477556589,1,3,12,-39,4,-7,3,-1
1615918477557586,-2,0,11,16,-1,4,3,1
1615918477557586,1,2,13,1,-1,7,-10,2
1615918477570551,2,2,11,21,0,-6,2,0
1615918477570551,-2,-4,-19,-6,-1,6,5,-1
1615918477571549,0,0,25,1,-1,-9,-5,-2
1615918477571549,2,-1,-23,8,-2,-3,2,0
1615918477594487,-6,-5,-9,-19,-4,4,-1,-2
1615918477594487,0,-2,3,22,-4,-5,-5,-3
1615918477594487,-1,-1,-21,-15,-1,4,2,-1
1615918477594487,0,-4,-3,-22,-2,-9,-3,-1
1615918477616429,-3,-2,2,-8,-1,0,-7,-3
1615918477616429,2,5,20,29,1,-6,10,3
1615918477617427,-1,-2,2,-10,1,9,12,-1
1615918477617427,-5,-3,-6,12,1,-4,-26,-7
1615918477630416,-1,-2,-7,-2,1,-8,1,-2
1615918477630416,0,0,-2,-11,-8,-1,-1,-2
1615918477631390,0,1,-10,24,2,-4,0,-1
1615918477631390,-3,-2,-7,-24,-1,2,4,1
1615918477654328,0,-1,9,18,2,3,5,2
1615918477654328,-4,-4,5,8,1,1,0,-4
1615918477655325,2,3,5,-9,9,1,-8,1
1615918477655325,-2,0,-2,-13,-4,-1,6,-1
1615918477676293,-2,1,1,23,2,0,-4,-1
1615918477676293,-3,-3,-10,-14,-4,-4,2,-1
1615918477677267,-1,0,-5,-3,-1,7,-2,-1
1615918477677267,0,-2,1,2,-1,-5,6,-1
1615918477691229,-2,-1,-9,-13,-1,-6,-13,-2
1615918477691229,-1,0,-11,-2,-1,5,0,-1
1615918477692226,-1,-4,-7,-22,-3,0,-1,-2
1615918477692226,-1,-1,10,20,-1,4,5,1
1615918477714168,-1,-3,-25,-20,-2,-4,-1,-1
1615918477714168,-1,3,33,19,-2,-5,3,0
1615918477715166,-2,-5,-15,0,-1,-3,-21,-6
1615918477715166,0,2,-4,-14,-2,2,5,1
1615918477736847,2,-1,-15,5,-4,-1,3,3
1615918477736847,-1,-1,23,25,0,-4,-1,-2
1615918477737845,-2,-3,-9,-21,-3,-2,-11,-3
1615918477737845,0,-2,3,7,2,2,1,1
1615918477750835,0,0,-3,-19,0,6,-6,-1
1615918477750835,-4,-7,-21,-3,3,0,2,-1
1615918477751809,3,7,39,24,-4,-6,8,1
1615918477751809,-1,-3,-13,-4,0,2,-6,-1
1615918477774430,-3,-2,-8,-42,1,1,0,-2
1615918477774430,2,9,26,51,9,7,-1,1
1615918477774430,-2,-2,-5,9,-4,-1,4,0
1615918477774430,2,-1,0,0,-2,1,8,2
1615918477796371,-4,-1,15,8,-1,-10,-13,-4
1615918477796371,-2,-3,-21,-34,-5,1,-9,-1
1615918477797369,-2,-3,-21,1,1,-1,1,-1
1615918477797369,2,2,7,11,0,3,8,1
1615918477810334,-3,-3,15,3,-8,5,3,-4
1615918477810334,0,-3,3,-13,-5,-12,-6,0
1615918477818313,1,4,16,5,4,2,1,1
1615918477818313,-1,-2,-7,1,-4,-4,1,-3
1615918477834270,0,2,-1,9,0,4,5,2
1615918477834270,-2,-10,-40,-37,-4,-1,-5,0
1615918477835267,-1,3,18,29,1,-2,1,-3
1615918477835267,-1,-2,-10,6,0,-2,2,1
1615918477856211,-4,-6,-13,-6,-2,-3,-7,-2
1615918477856211,2,4,6,-7,-2,-1,3,-1
1615918477857209,-4,-8,-44,-46,-4,-1,-2,-2
1615918477857209,0,7,35,31,3,4,-3,1
1615918477871171,0,0,-4,-8,-2,-4,3,0
1615918477871171,0,-2,-3,17,3,1,4,0
1615918477872168,-3,-6,-22,-31,-8,-4,-6,-3
1615918477872168,1,-3,-5,-15,0,2,0,-2
1615918477894110,1,1,25,31,3,-5,5,1
1615918477894110,1,-1,-12,-20,-2,3,2,1
1615918477895107,0,-4,-25,-20,-1,-5,-1,-1
1615918477895107,-1,1,41,23,-1,0,-1,-1
1615918477917049,3,3,12,-3,9,10,-8,0
1615918477917049,-1,1,-18,-9,-3,-4,0,-1
1615918477917049,-3,-4,6,19,1,3,5,1
1615918477917049,1,3,40,9,6,0,-5,-1
1615918477930014,2,2,-2,2,-6,-9,-1,-1
1615918477930014,-1,2,24,0,2,6,-4,-2
1615918477937993,-1,-2,2,15,1,-3,-5,1
1615918477937993,-1,-4,-35,-32,-2,-3,1,-4
1615918477961929,-2,1,8,0,-2,-6,1,1
1615918477961929,-2,-3,2,-1,4,4,-5,-3
1615918477961929,1,3,12,16,-6,-10,2,-1
1615918477961929,-7,-5,-6,-9,-3,-2,-5,-3
1615918477975891,0,1,-13,-4,2,1,-7,0
1615918477975891,-2,-5,-32,-18,0,4,-1,-1
1615918477983870,-1,2,55,36,2,3,2,-1
1615918477983870,2,1,-18,-9,-2,-4,-4,0
1615918477989879,-3,-1,-7,-3,-7,-12,3,-3
1615918477989879,2,1,16,43,2,3,2,0
1615918477998830,-3,-1,-20,-28,-1,-2,-4,-2
1615918477998830,-1,-1,-15,-17,-2,1,-1,-1
1615918478013790,1,0,17,21,2,1,5,1
1615918478013790,-1,-6,-27,-23,-5,-5,-8,-3
1615918478014787,-2,0,-8,0,-1,-7,1,-1
1615918478014787,-1,-4,-17,-6,0,2,-4,0
1615918478036729,1,4,17,-8,1,-7,2,0
1615918478036729,-1,4,16,12,2,4,8,0
1615918478037727,-2,-4,-1,-28,-4,9,-7,-2
1615918478037727,-1,-1,-1,24,1,-2,-3,-1
1615918478050691,-3,-6,4,25,0,0,-1,-2
1615918478050691,3,4,1,-13,-2,-4,1,1
1615918478058694,-3,-3,-3,4,0,-2,1,1
1615918478058694,-1,-3,-3,-15,-7,-6,-1,-3
1615918478074628,-3,-5,12,5,-3,-1,-2,-4
1615918478074628,0,3,-6,17,-3,-3,1,-1
1615918478074628,0,0,3,-14,0,6,5,4
1615918478074628,-4,-3,-19,3,0,-4,1,-2
1615918478096569,-3,-1,6,3,-2,0,-13,-5
1615918478096569,-4,-9,-17,-39,-5,-1,-1,-2
1615918478097566,3,4,26,41,-1,-6,-1,2
1615918478097566,-1,2,8,-5,-2,-2,-1,0
1615918478110532,0,-4,-21,-13,1,9,6,-1
1615918478110532,0,-3,6,7,-4,-7,-6,-3
1615918478118510,-2,-4,-26,-26,0,3,-4,-4
1615918478118510,1,2,17,25,2,4,4,2
1615918478134467,-3,-5,-28,-25,-7,-11,-3,-1
1615918478134467,-3,0,42,20,2,4,7,0
1615918478134467,0,-1,2,18,0,-8,-17,-4
1615918478134467,0,-2,-43,-58,-6,0,-2,-2
1615918478156409,2,4,40,30,4,9,5,3
1615918478156409,2,0,-4,8,1,1,4,0
1615918478157407,-4,-4,-5,-20,-5,-11,-14,-2
1615918478157407,-2,-1,7,-2,-2,-1,2,0
1615918478170371,0,-1,-4,3,1,0,-1,-1
1615918478170371,0,2,-10,10,-1,0,1,-1
1615918478178350,3,-2,-11,3,-2,1,3,2
1615918478178350,-1,-1,-12,-22,-4,0,-8,-1
1615918478193310,0,3,21,26,2,-9,5,0
1615918478193310,1,-1,-19,2,-4,2,-3,-1
1615918478194308,-3,-5,-33,-58,-2,2,3,-1
1615918478194308,-2,-1,14,46,4,-4,3,-2
1615918478216249,0,1,6,5,-3,0,-19,-1
1615918478216249,-3,-1,-2,-28,-5,-6,-3,-2
1615918478217246,0,-2,-1,9,0,7,5,0
1615918478217246,-1,0,3,8,-2,1,9,-1
1615918478229936,-3,-4,-6,-11,-3,0,-7,-4
1615918478229936,0,-4,-19,-17,1,-3,-11,1
1615918478238887,1,9,34,42,3,3,8,-1
1615918478238887,0,-3,-21,-6,-2,-4,-5,0
1615918478261851,0,-2,-17,-26,0,7,8,1
1615918478261851,-2,-4,-16,10,-4,-5,-4,-3
1615918478262851,-2,-3,-31,-22,-2,0,-1,-1
1615918478262851,1,4,28,10,1,-5,-2,0
1615918478283768,-4,-1,2,10,-2,-1,1,-2
1615918478283768,1,2,4,-22,3,5,9,1
1615918478284765,-2,-5,2,2,-2,-4,-9,-2
1615918478284765,-2,-2,-4,-3,1,-1,-3,-3
1615918478298753,0,0,-11,-11,-3,1,5,0
1615918478298753,-2,-3,2,5,-1,-9,-4,0
1615918478299725,1,4,5,0,-1,6,5,0
1615918478299725,-1,-1,18,-13,-1,2,-2,-1
1615918478313714,0,-1,8,10,-1,-7,5,-2
1615918478313714,0,4,10,40,1,2,-4,0
1615918478314686,-1,-2,-4,-10,2,-5,-7,-1
1615918478314686,-1,-5,-18,-7,-2,3,-2,-2
1615918478336630,-1,0,-2,-6,0,-5,2,-1
1615918478336630,-1,-2,-1,-7,-1,-2,-3,-2
1615918478337629,-1,-1,9,-8,0,-1,6,-2
1615918478337629,2,4,20,51,1,0,-3,2
1615918478359570,3,1,-10,-13,-3,0,5,2
1615918478359570,-2,-5,-5,-12,-3,-9,-3,-3
1615918478359570,0,0,7,22,-1,0,-1,0
1615918478359570,0,-2,0,-15,-1,0,1,-3
1615918478373659,-1,-6,-21,1,0,3,-2,-2
1615918478373659,0,5,39,19,4,3,1,3
1615918478374657,-1,-1,-20,-22,-6,-3,-2,0
1615918478374657,-2,-1,11,-5,-2,-7,1,-2
1615918478404582,-1,0,1,2,-4,-3,-17,-3
1615918478404582,0,-1,-15,-25,-4,4,8,-1
1615918478404582,-1,-1,18,14,1,-8,-9,-1
1615918478404582,-3,-1,-14,-7,2,5,0,-2
1615918478426542,-1,-3,-4,-14,0,-3,-2,0
1615918478426542,0,0,-10,32,-5,1,1,0
1615918478427516,-2,-3,-1,-19,2,-4,2,-3
1615918478427516,0,4,23,39,-1,-3,-1,1
1615918478433499,-4,-1,3,-5,-2,1,-2,-1
1615918478433499,-3,-4,14,10,1,0,-3,-1
1615918478434496,1,2,-1,0,-2,5,8,2
1615918478434496,-1,-6,-21,-26,-3,-3,0,-2
1615918478456438,-1,-4,-9,-2,0,0,-8,-2
1615918478456438,-3,-1,-8,-2,2,-4,-2,-3
1615918478457436,0,2,-6,1,-3,-9,-1,0
1615918478457436,1,1,29,-12,1,2,-2,0
1615918478479019,0,0,1,18,1,6,7,0
1615918478479019,-1,-2,-11,-9,-2,-3,-4,-2
1615918478480016,-4,-3,-22,-1,1,4,-1,-1
1615918478480016,-2,1,11,15,1,-2,7,0
1615918478492982,1,-1,6,6,1,2,-6,0
1615918478492982,0,-1,3,-1,-1,-6,-4,-1
1615918478493979,-2,-4,-1,-26,3,10,5,-3
1615918478493979,3,4,11,28,0,-3,2,0
1615918478516918,-4,-2,-21,4,-4,-8,-14,-1
1615918478516918,-3,-2,-3,-31,-5,4,0,-1
1615918478516918,0,2,44,38,3,3,2,0
1615918478516918,0,-6,-35,-27,-2,-4,-1,0
1615918478538859,2,7,12,3,0,-1,6,2
1615918478538859,0,-2,0,-10,2,-2,-3,-3
1615918478539856,-4,-5,-13,1,-6,-3,-5,-5
1615918478539856,-1,-3,-6,-10,0,5,-4,-3
1615918478553819,-1,1,25,3,0,-6,5,0
1615918478553819,-2,-5,-10,0,-3,-3,-3,0
1615918478553819,1,6,12,7,-4,-1,-2,-1
1615918478553819,-4,-5,-19,-14,-4,-3,-4,-4
1615918478576757,-1,-2,-25,-18,2,10,3,0
1615918478576757,-2,-3,1,11,1,2,5,1
1615918478577755,0,-3,-16,-16,-4,-16,4,0
1615918478577755,-3,-1,20,2,2,3,-25,-2
1615918478598699,-2,-4,-12,-13,-6,-10,7,-2
1615918478598699,0,3,-5,0,1,7,3,0
1615918478599697,-1,-3,1,-9,-1,-5,0,0
1615918478599697,-1,0,-5,-3,2,-7,-2,-2
1615918478613659,-2,-4,-3,-1,-1,6,3,0
1615918478613659,0,2,-4,-5,-1,-2,-2,0
1615918478614657,0,-2,-3,-2,-2,2,1,-2
1615918478614657,-2,-5,-34,-36,0,0,4,2
1615918478636598,0,6,32,12,-1,0,-5,0
1615918478636598,1,1,17,7,0,-2,0,-1
1615918478637595,-1,-2,-22,-9,-2,-1,0,-3
1615918478637595,-1,-2,-13,9,-4,0,-16,-2
1615918478659536,1,0,-9,-14,2,2,8,1
1615918478659536,-1,0,20,27,1,-3,-4,-3
1615918478659536,-1,1,13,-17,-2,2,2,2
1615918478659536,0,3,17,33,-6,-1,4,1
1615918478673499,-4,-5,-19,-10,5,-2,3,-3
1615918478673499,0,0,-17,-41,-4,-7,-15,-1
1615918478674496,0,-2,-9,21,2,-7,-2,1
1615918478674496,-1,1,20,19,-1,-2,6,-2
1615918478696437,1,-6,-4,-1,0,6,-1,0
1615918478696437,-2,-1,-6,2,-2,-2,3,0
1615918478697435,1,2,-15,-3,0,3,1,1
1615918478697435,0,-3,-7,-12,-1,-2,-15,-3
1615918478719376,0,-1,-16,-16,-2,3,5,0
1615918478719376,-3,-2,7,-9,-1,-7,-2,0
1615918478720374,-2,-1,22,34,3,1,-1,-2
1615918478720374,0,4,-9,3,1,4,9,2
1615918478733339,-1,1,-3,-8,-8,-11,-9,-2
1615918478733339,0,-7,-32,-20,-3,-3,-1,-2
1615918478734337,-4,0,20,0,0,0,-4,-1
1615918478734337,2,1,-9,-12,1,3,5,1
1615918478756278,-1,-5,-29,0,-2,4,1,-2
1615918478756278,0,-1,7,4,0,-13,8,2
1615918478757275,-1,1,-5,-4,0,7,-8,-2
1615918478757275,-2,-5,1,-9,-4,-7,-19,-2
1615918478779216,-4,0,9,15,-1,-2,-2,-4
1615918478779216,2,2,6,-6,-2,3,3,-2
1615918478780214,0,-4,-16,-31,-3,-3,0,0
1615918478780214,0,0,15,20,1,1,9,1
1615918478793180,-2,-2,-1,24,4,2,-4,1
1615918478793180,0,0,-1,-5,-1,1,-3,-1
1615918478794177,1,0,-12,-7,-4,0,-3,-1
1615918478794177,-2,-2,3,-4,1,0,5,-2
1615918478817140,-2,-4,2,-4,-2,1,-3,-1
1615918478817140,0,-3,-11,6,2,2,6,0
1615918478818113,-1,1,17,19,1,-1,4,1
1615918478818113,-2,-3,-18,-28,-9,-5,-8,-4
1615918478840054,-1,0,5,0,1,-14,2,-2
1615918478840054,-2,-4,-6,11,0,7,-6,-1
1615918478840054,1,3,5,1,0,0,4,2
1615918478840054,-2,-5,-14,-17,-5,-6,8,-1
1615918478853020,-1,3,15,-5,2,0,-6,-2
1615918478853020,-1,-3,-13,10,-3,-3,0,-2
1615918478854017,-1,-1,13,0,-5,0,-6,-2
1615918478854017,0,-1,-17,-7,0,-4,4,0
1615918478876979,0,2,-3,-5,-1,-1,0,-2
1615918478876979,-1,4,39,18,2,-4,-4,0
1615918478876979,-1,-1,2,16,-1,6,-4,-2
1615918478876979,0,-6,-8,-12,4,1,5,1
1615918478899894,1,0,-12,-12,0,8,3,2
1615918478899894,-3,2,16,15,-2,-9,-6,-2
1615918478900892,3,2,-8,6,-1,0,2,0
1615918478900892,-2,2,10,9,0,-6,-6,-1
1615918478912859,1,-3,-9,1,2,3,2,1
1615918478912859,-1,0,-10,-5,-1,3,4,1
1615918478920838,-3,-3,-24,-22,-2,-3,-6,-4
1615918478920838,1,0,-8,4,1,2,9,3
1615918478936795,2,4,37,15,-3,-6,-19,-1
1615918478936795,-2,-3,3,-17,2,4,-4,-3
1615918478937793,-4,-6,-24,9,0,-1,0,-1
1615918478937793,2,3,14,11,-3,-3,3,1
1615918478958736,-3,-5,-26,-12,-4,-9,-17,-5
1615918478958736,0,0,6,3,0,1,4,0
1615918478959733,-1,-1,1,-19,-1,5,-1,0
1615918478959733,-1,2,20,20,-2,-4,1,0
1615918478972700,-6,-3,-19,-14,-2,0,7,-2
1615918478972700,-1,0,2,15,-3,-6,-7,-1
1615918478980677,-3,-7,-19,-4,-2,-1,0,1
1615918478980677,0,1,0,-11,4,7,-1,-1
1615918478996635,1,0,-8,-9,-4,-13,1,0
1615918478996635,0,-1,-4,5,-4,3,-3,-1
1615918478997633,-1,-2,-16,-34,2,-5,1,0
1615918478997633,0,1,33,42,1,-1,5,1
1615918479019574,-2,-2,-9,-9,-3,6,0,-2
1615918479019574,1,0,-4,-16,6,0,-2,-1
1615918479019574,2,0,18,9,-2,-2,-1,-1
1615918479019574,-2,-3,-17,-18,-5,-1,-7,-2
1615918479032540,-1,-2,-1,-19,0,3,14,1
1615918479032540,-1,1,19,14,0,-3,-4,-2
1615918479041515,2,4,20,3,2,5,-2,1
1615918479041515,-1,-5,-18,-4,-1,4,1,1
1615918479063457,-1,7,30,9,-2,-4,-2,-1
1615918479063457,-3,-5,-27,-27,-8,0,-1,-3
1615918479064455,-2,-3,-8,0,0,-6,-1,-1
1615918479064455,0,1,24,23,1,2,-3,-1
1615918479079414,-2,-1,-2,3,0,3,9,-1
1615918479079414,-1,2,14,-3,-5,-9,-17,-2
1615918479080433,-2,1,-11,0,-3,-6,2,-3
1615918479080433,-1,0,4,-23,-3,-3,-2,-1
1615918479101356,0,-1,5,38,2,-2,1,1
1615918479101356,0,0,13,10,2,8,9,2
1615918479103350,-3,0,5,4,-1,-6,-7,-3
1615918479103350,-3,-5,-22,-19,-4,-11,-5,-4
1615918479116315,1,3,49,7,-1,13,-1,1
1615918479116315,0,-5,-37,-16,-7,-8,3,0
1615918479118310,-1,2,13,15,-1,-4,-3,-3
1615918479118310,-3,-2,-7,-10,3,6,0,0
1615918479139254,-4,-5,3,4,-1,-5,0,-2
1615918479139254,-3,-1,-7,-13,1,7,-11,-3
1615918479141248,0,-2,-6,-4,-2,0,2,1
1615918479141248,1,4,4,-13,-2,1,-1,0
1615918479153217,-1,-3,-12,11,2,3,1,-2
1615918479153217,-1,0,3,-4,0,-6,5,-1
1615918479162193,-1,-3,-12,8,1,2,0,0
1615918479162193,-3,-1,-21,-23,-2,-2,-3,-4
1615918479176180,0,2,5,10,0,1,-3,0
1615918479176180,0,-3,-17,-4,0,-4,2,-2
1615918479183137,0,-1,7,19,2,2,-3,-1
1615918479183137,-1,-2,-10,-16,0,3,10,2
1615918479200091,2,0,-11,-30,-3,-5,1,0
1615918479200091,0,2,15,28,-1,-2,-8,2
1615918479201089,-1,1,8,19,2,6,1,-1
1615918479201089,-4,-3,-22,-22,-5,-12,0,-4
1615918479222033,1,0,27,25,3,-1,-3,-1
1615918479222033,1,-1,-12,-25,-1,5,4,-1
1615918479223031,0,-3,3,16,-3,1,-3,-2
1615918479223031,2,3,14,2,-3,-8,3,2
1615918479235995,1,-2,-23,-7,-3,-6,2,4
1615918479235995,-3,-1,13,-7,0,-1,-9,-3
1615918479242977,-2,1,25,2,1,-1,1,0
1615918479242977,1,0,-14,-4,1,9,1,0
1615918479258958,-1,-7,-6,3,-2,-4,-3,-1
1615918479258958,2,6,4,7,0,-2,4,1
1615918479260929,-3,-3,-12,-2,-6,0,2,-2
1615918479260929,0,-1,0,-3,0,1,-1,0
1615918479281873,-1,2,7,-4,-2,-9,-6,-2
1615918479281873,1,-1,10,-4,-2,5,2,1
1615918479282871,-4,-4,-2,-9,2,1,8,-2
1615918479282871,-2,-3,2,3,-1,-2,-12,-2
1615918479303840,0,1,-6,-2,0,1,-3,-1
1615918479303840,-2,-6,2,9,-1,2,-2,-2
1615918479305810,3,3,-1,9,0,-6,2,0
1615918479305810,1,-1,15,0,2,2,-2,-1
1615918479326753,-3,-2,-13,-9,-1,5,7,0
1615918479326753,-3,-4,8,27,4,4,-3,-3
1615918479328748,-1,3,7,-4,0,-6,-5,1
1615918479328748,-3,-2,-13,4,-4,1,-2,-1
1615918479341737,0,-3,-26,-25,-2,-10,-2,-3
1615918479341737,-4,-3,5,-4,-2,6,2,-2
1615918479343707,-1,-5,-21,7,-1,-2,-3,-1
1615918479343707,1,-3,-32,-9,0,6,-2,0
1615918479355700,-1,1,14,9,0,-4,-3,-1
1615918479355700,-4,-7,-41,-43,-4,-6,2,0
1615918479370660,3,5,31,8,2,3,7,2
1615918479370660,-3,-3,-5,22,0,-7,-14,-3
1615918479379611,-1,-1,5,-9,0,-2,0,-1
1615918479379611,1,1,-4,-9,0,-1,3,-2
1615918479380609,-1,2,8,-12,-2,-8,-7,-1
1615918479380609,0,-3,1,8,-1,1,5,-2
1615918479401553,-3,-3,4,-1,-3,2,0,0
1615918479401553,2,4,-9,15,1,0,-3,1
1615918479403548,-1,-4,-15,-8,-4,-1,1,-2
1615918479403548,0,2,16,-3,1,4,8,0
1615918479415516,-1,-5,-25,11,2,-7,-9,-2
1615918479415516,0,2,26,-10,-2,-1,7,-1
1615918479424492,-2,1,-11,-12,-1,-1,-2,0
1615918479424492,0,1,13,25,-2,-2,-1,0
1615918479439526,-2,-1,-7,7,0,2,1,-2
1615918479439526,-2,-5,-20,-13,4,1,0,-1
1615918479440509,-1,0,8,-1,-1,0,-4,-2
1615918479440509,-3,-1,1,-3,-1,0,7,-1
1615918479461871,1,1,21,-6,-3,-9,-8,0
1615918479461871,-1,-1,-20,1,4,3,-14,-2
1615918479462867,0,-2,3,14,-2,7,3,0
1615918479462867,-1,-1,-3,-2,-2,-6,-5,-3
1615918479474859,-3,-5,3,-18,-5,-13,1,-3
1615918479474859,1,1,-12,-3,-3,0,5,0
1615918479483838,0,-1,5,-7,-2,-4,-7,-1
1615918479483838,-1,0,13,6,2,1,-4,-1
1615918479498772,1,1,-10,26,-2,2,5,0
1615918479498772,-2,-2,10,-6,-7,-11,-3,-1
1615918479500767,-2,-5,-10,-10,-1,2,-1,-2
1615918479500767,0,-1,-25,-6,0,2,2,-1
1615918479522015,1,1,18,-16,2,4,-1,2
1615918479522015,-4,-4,-8,18,-1,-1,6,-3
1615918479523008,-3,1,13,3,-5,-9,-19,-5
1615918479523008,-2,-4,-5,-10,-2,-1,-4,-2
1615918479534860,0,4,12,15,1,-1,1,2
1615918479534860,-1,-2,2,3,-2,-7,1,-1
1615918479544840,-1,-3,-23,-18,3,3,10,1
1615918479544840,-2,-2,-5,-4,-6,-3,-12,1
1615918479558820,-2,0,21,30,-1,6,1,-4
1615918479558820,0,0,-2,-9,-3,0,-3,-1
1615918479560791,0,-2,-26,1,-1,-4,-1,1
1615918479560791,1,0,6,-11,0,-6,0,-2
1615918479581736,-4,-2,0,9,0,7,5,0
1615918479581736,0,-2,-6,-17,-6,1,1,-2
1615918479583729,2,2,-6,-7,-1,-2,-10,-3
1615918479583729,-1,-2,-3,-9,-2,0,7,0
1615918479595697,0,0,-6,-12,-1,3,-2,0
1615918479595697,0,0,11,27,-1,-4,1,2
1615918479604674,-1,1,8,-4,1,-1,1,-1
1615918479604674,-2,-3,-11,-6,1,1,-3,-3
1615918479626641,-3,-6,-35,-36,-4,2,-3,-4
1615918479626641,1,2,22,-8,-2,2,6,-1
1615918479628634,2,1,17,36,2,-2,4,3
1615918479628634,0,0,-13,-10,-4,-3,1,0
1615918479640601,-4,-7,-41,-11,2,-3,-15,-3
1615918479640601,0,4,29,-6,-5,-1,5,0
1615918479649554,1,4,27,2,0,6,5,0
1615918479649554,0,-2,-13,9,0,-3,3,-2
1615918479655562,1,4,21,16,0,-4,1,-1
1615918479655562,0,-4,-28,-16,-1,-3,-8,-2
1615918479664514,-3,-4,4,7,-6,-2,1,-2
1615918479664514,-2,-2,17,22,4,-4,-5,0
1615918479679497,2,1,-18,-25,0,4,2,0
1615918479679497,-4,-5,-5,-6,-1,-6,-5,-3
1615918479680500,0,1,14,0,-1,0,2,0
1615918479680500,-3,-2,8,5,-1,-3,3,-2
1615918479701416,1,2,0,5,-3,-6,0,1
1615918479701416,-2,2,12,9,1,-4,-5,-3
1615918479703409,-2,-7,-49,-37,-6,2,-4,-3
1615918479703409,0,4,18,26,-5,-8,-2,2
1615918479715379,-1,-6,-4,-7,-1,5,6,-1
1615918479715379,1,-2,-5,-16,-2,-2,-1,-2
1615918479724353,-3,-1,-31,-3,0,0,0,-3
1615918479724353,1,1,10,9,-1,-3,-3,0
1615918479739341,-2,-6,-18,-18,0,1,0,-3
1615918479739341,2,4,22,7,2,8,4,2
1615918479740311,-3,-5,7,5,1,-2,-3,-2
1615918479740311,1,0,-2,0,3,5,4,1
1615918479761255,1,4,33,1,-3,-1,-8,-2
1615918479761255,-2,-4,-25,18,0,-8,0,0
1615918479763249,0,-3,-7,-31,1,9,4,1
1615918479763249,-1,3,-4,6,3,3,-1,-3
1615918479775217,0,6,43,23,-2,-4,2,0
1615918479775217,-1,-1,-10,8,2,3,-3,-1
1615918479784193,1,-1,-4,-18,-2,-1,-2,1
1615918479784193,1,-1,4,-21,-2,0,-1,0
1615918479799679,0,-4,0,19,2,8,-2,1
1615918479799679,2,9,45,13,2,-4,3,0
1615918479800678,-2,-5,-16,-22,-3,-7,-8,-1
1615918479800678,-3,2,23,20,-1,0,-1,-1
1615918479821644,-1,-2,-8,-2,1,-1,6,0
1615918479821644,-1,-3,-26,13,-2,2,-14,-2
1615918479823641,0,0,1,-20,-2,-3,1,-1
1615918479823641,-1,-3,-4,1,-4,-1,-1,-1
1615918479835607,-1,-2,-16,-5,-4,0,1,-1
1615918479835607,-4,-3,-8,-17,-2,-5,5,-2
1615918479844587,0,-2,1,13,2,1,1,-3
1615918479844587,-1,-2,-5,4,1,-1,-5,-3
1615918479859522,0,4,-4,-9,-3,-5,2,0
1615918479859522,-2,-4,-6,-27,-1,5,1,1
1615918479860516,-2,-1,17,35,-2,1,-1,-1
1615918479860516,2,6,16,4,-1,2,-1,0
1615918479881460,-5,-2,-24,-26,-4,-6,0,-2
1615918479881460,-1,-3,13,15,0,1,-7,1
1615918479883455,-3,2,28,24,-5,-8,-12,-2
1615918479883455,1,0,-18,-8,-2,0,3,-1
1615918479895449,2,-1,-6,-11,-1,2,-2,0
1615918479895449,-1,-2,-11,-7,-1,-3,4,-2
1615918479904400,-1,0,14,2,0,-2,5,0
1615918479904400,-3,-4,-17,-24,-2,6,-3,-3
1615918479919385,4,8,57,31,1,-8,-5,1
1615918479919385,-3,-5,-14,0,3,2,-1,-4
1615918479925367,-2,0,-10,1,-5,1,2,0
1615918479925367,1,-1,-11,-41,0,-8,1,0
1615918479940331,-3,-5,-4,22,0,3,1,-2
1615918479940331,2,5,31,-3,1,4,-11,-2
1615918479949279,-2,-6,-27,7,-2,-5,-2,-2
1615918479949279,1,5,29,24,0,-6,1,2
1615918479955364,-5,-11,-42,-52,-1,0,1,-2
1615918479955364,1,3,21,29,-4,-3,12,-1
1615918479964239,-1,-1,-9,-9,-3,-6,-19,-4
1615918479964239,-4,-6,-6,-11,-2,-3,-3,-3
1615918479979751,-3,-4,-23,-11,-2,-6,-5,-3
1615918479979751,-2,-3,1,11,-2,3,4,2
1615918479980749,1,1,-4,-13,0,0,3,-1
1615918479980749,1,2,23,37,5,-2,3,2
1615918480001740,1,3,0,-8,-4,-1,-1,-2
1615918480001740,-2,-3,-25,-31,0,6,-8,-1
1615918480003761,2,2,-1,-7,2,-4,10,2
1615918480003761,-2,-4,1,-13,-3,4,-7,-2
1615918480015703,-3,-1,19,26,1,4,4,0
1615918480015703,2,7,28,32,0,-7,0,1
1615918480024703,0,-3,-9,-8,0,6,0,0
1615918480024703,0,-6,-16,-19,-4,0,0,0
1615918480039639,0,-2,-5,21,-3,-5,-4,-2
1615918480039639,-3,-6,-20,-11,-1,2,-2,0
1615918480040636,-1,2,15,-20,-6,-10,2,-2
1615918480040636,-1,1,29,46,2,10,2,1
1615918480061604,1,3,-23,-13,2,-2,-1,-2
1615918480061604,-2,-4,-21,-10,-5,-2,5,0
1615918480063603,-1,-2,-10,-4,2,4,5,0
1615918480063603,0,5,49,21,4,2,-5,0
1615918480075543,-3,-1,4,-3,-4,-6,-3,0
1615918480075543,-1,-3,-24,-7,-3,-3,0,0
1615918480084519,-4,-5,-9,-31,0,7,2,-2
1615918480084519,-4,-4,-22,30,-6,-14,-5,-3
1615918480099479,3,6,31,-6,1,4,-1,4
1615918480099479,-3,-6,-18,-5,-4,0,4,-1
1615918480101475,-3,-2,22,23,2,0,-6,-3
1615918480101475,-3,-4,-25,-23,-4,-3,-1,-2
1615918480121447,1,-2,-8,-4,-1,7,2,0
1615918480121447,-3,-7,-19,-21,1,-6,-7,-2
1615918480123416,3,7,16,17,-1,-8,5,4
1615918480123416,-1,-6,-7,-6,3,2,-9,-4
1615918480135411,-3,-3,-23,-27,0,2,5,-3
1615918480135411,1,0,14,21,3,1,0,-1
1615918480144359,0,0,-16,-11,-6,-5,-5,1
1615918480144359,0,-1,-11,4,1,3,6,-1
1615918480159319,-2,-2,11,11,0,2,-1,-2
1615918480159319,0,1,1,-14,0,-4,-5,0
1615918480160316,-2,-4,7,29,-1,0,2,0
1615918480160316,0,3,-8,-31,-5,-2,5,-1
1615918480181261,-1,-6,-23,9,-1,1,-7,-2
1615918480181261,-2,2,-10,-6,-1,5,0,1
1615918480183256,0,0,25,8,4,-5,-2,0
1615918480183256,-2,-5,-24,-15,0,-2,3,1
1615918480204199,-2,3,17,28,0,2,-16,-1
1615918480204199,-2,1,14,-19,-1,-2,5,-1
1615918480206194,0,0,-18,16,1,-5,-3,-2
1615918480206194,-1,-4,1,1,-1,0,3,-2
1615918480227137,-1,-1,-1,-22,-3,-2,8,0
1615918480227137,0,-2,23,19,-3,0,-2,-1
1615918480228135,-2,-3,-13,-2,3,-6,-4,-4
1615918480228135,1,1,-13,1,-5,-6,-9,0
1615918480242098,-1,0,-16,-18,-1,1,2,1
1615918480242098,-3,-5,-12,8,-1,-9,6,-2
1615918480243096,0,1,-1,-4,-4,5,5,1
1615918480243096,-2,-4,-10,-6,-5,-5,-14,-4
1615918480265038,2,6,30,-4,2,-7,1,0
1615918480265038,-3,-2,-8,3,-3,5,-6,-2
1615918480266034,-3,-7,-20,-13,-5,-9,5,-2
1615918480266034,3,2,-9,-12,2,5,5,1
1615918480278999,-3,-2,11,12,-2,0,-8,-2
1615918480278999,1,1,-4,3,-2,1,2,1
1615918480280994,-1,-1,4,-4,2,13,-4,-1
1615918480280994,-3,-3,4,12,-3,-7,-2,-1
1615918480301962,0,-1,-11,-9,1,3,2,0
1615918480301962,2,1,5,20,0,-3,4,0
1615918480302972,-2,0,4,-8,-2,-7,-13,-3
1615918480302972,0,-3,0,-14,-2,4,-4,2
1615918480323903,-2,-4,4,12,-1,-3,4,-2
1615918480323903,-1,1,-12,1,6,5,3,-1
1615918480325875,2,0,-9,-20,-4,-3,2,0
1615918480325875,-2,-1,8,8,-3,2,1,-1
1615918480346842,0,0,8,-10,-1,-11,-4,-2
1615918480346842,-1,-4,-10,-23,-4,1,-4,-2
1615918480347816,-3,-1,13,25,1,4,-5,-1
1615918480347816,1,1,-12,16,-1,3,7,0
1615918480368759,-2,-4,-12,-8,-3,-8,2,-2
1615918480368759,-3,-2,-9,-26,-3,-11,-18,-4
1615918480370754,0,0,3,27,1,5,3,1
1615918480370754,1,-1,7,-8,1,-8,11,0
1615918480391698,-4,-4,-3,8,-2,3,-13,-2
1615918480391698,-1,-1,-9,-15,0,-2,5,0
1615918480393693,-1,-1,5,-7,-1,-2,-6,-2
1615918480393693,-3,-3,-6,-15,-4,4,-4,-3
1615918480398680,2,2,13,9,0,-4,2,-2
1615918480398680,-1,3,18,-4,-2,0,1,-1
1615918480412642,-2,-2,3,1,2,-2,4,-1
1615918480412642,0,0,-5,2,0,2,-12,-3
1615918480421642,0,2,2,7,-1,4,4,2
1615918480421642,0,-2,1,-20,-2,-6,-5,-1
1615918480423612,-2,3,42,8,-1,-4,4,0
1615918480423612,0,0,12,20,-3,-10,0,-1
1615918480444557,0,-4,-11,-9,3,4,-2,-2
1615918480444557,2,0,-3,8,0,5,4,0
1615918480445555,-1,3,20,-1,1,0,-5,2
1615918480445555,-3,-1,10,-15,2,-7,-2,-3
1615918480458519,-2,-3,-12,1,-5,-1,-2,-3
1615918480458519,0,4,19,7,-1,-3,4,0
1615918480465501,-1,-7,-36,-14,0,1,2,-1
1615918480465501,-2,2,16,22,2,1,-16,-3
1615918480481458,-2,-3,-18,-17,-7,-10,3,-1
1615918480481458,1,5,33,34,2,1,-1,0
1615918480483453,-2,-5,-39,-13,-2,3,0,-4
1615918480483453,-2,-4,-22,-19,-1,2,5,2
1615918480504396,-1,-1,-7,5,-6,-8,-1,-1
1615918480504396,1,-6,3,-22,-3,6,-3,-1
1615918480506391,0,-2,22,25,-2,-7,-3,1
1615918480506391,-1,0,-8,-22,5,5,3,1
1615918480518359,-1,3,18,-7,2,7,0,1
1615918480518359,1,-1,1,20,4,-5,4,1
1615918480525340,-1,0,-15,-12,-1,2,-8,-3
1615918480525340,-4,-5,-23,-18,-4,-3,2,-4
1615918480541298,2,3,30,5,4,-7,-7,3
1615918480541298,-1,0,2,11,-1,9,6,3
1615918480543292,0,-1,-3,-10,-4,-1,6,0
1615918480543292,-1,-2,7,6,-4,-10,-3,-3
1615918480564237,0,-3,-11,6,4,6,-3,-1
1615918480564237,-2,-4,-24,-19,-4,-4,0,-1
1615918480566232,-1,0,2,12,1,5,0,1
1615918480566232,-2,1,6,-5,-2,-3,0,-1
1615918480578200,-2,-6,-24,-3,-1,-2,-2,-3
1615918480578200,-2,-2,9,19,-1,-3,-5,-1
1615918480585180,-1,-2,-9,-21,-5,1,1,1
1615918480585180,-1,1,-5,-14,-1,5,3,-1
1615918480602136,-1,1,5,-7,-6,-11,-9,-4
1615918480602136,-4,-6,-11,-3,-2,-2,-7,-3
1615918480603133,1,-1,-1,8,2,3,-2,0
1615918480603133,1,6,27,16,6,-1,15,2
1615918480624103,-4,-5,-39,-34,-6,-2,-12,-3
1615918480624103,-1,-4,-10,-17,-2,-12,-5,-2
1615918480626095,-1,4,27,44,3,2,-2,0
1615918480626095,0,-2,-7,-15,-3,5,-5,-1
1615918480638068,-1,-4,6,13,-2,-3,6,0
1615918480638068,-1,3,2,13,3,1,-3,-1
1615918480647015,1,-1,-13,-20,2,0,4,1
1615918480647015,2,-1,5,-13,-3,-2,-16,-1
1615918480661003,-2,-2,9,23,3,3,6,-3
1615918480661003,-1,0,20,5,-1,-3,-2,0
1615918480667984,0,-2,-12,-35,-5,-6,0,-1
1615918480667984,0,-3,-1,27,-5,-3,-1,-3
1615918480683943,4,5,-1,-8,0,7,7,5
1615918480683943,-2,-5,-23,-24,-2,8,-2,-2
1615918480685912,-3,-3,-15,2,-1,-6,-4,-2
1615918480685912,1,-3,-2,-9,-2,-8,3,0
1615918480697880,1,6,23,9,-5,1,-5,2
1615918480697880,0,-1,-3,-25,-1,5,-10,-2
1615918480706856,-1,2,16,61,-1,1,1,-2
1615918480706856,0,2,-7,-12,3,0,1,4
1615918480721840,-1,-6,-17,-6,3,1,3,-2
1615918480721840,1,5,22,13,2,3,5,1
1615918480722840,-1,1,-8,-39,-3,-1,-8,-3
1615918480722840,-3,-5,-3,15,2,4,-1,-2
1615918480743781,0,-1,6,4,0,-2,0,-2
1615918480743781,4,-3,-21,1,-1,0,-3,2
1615918480745752,-1,-1,2,-13,-2,-1,1,-2
1615918480745752,-1,-4,-3,8,-2,-2,2,-1
1615918480757719,-1,4,9,-5,2,0,1,1
1615918480757719,-1,-1,-11,-10,-1,0,1,-1
1615918480766696,-2,-4,-7,-3,-2,-2,-3,-4
1615918480766696,3,6,13,16,0,0,0,0
1615918480782654,-3,-8,-31,-19,-7,-3,-1,-2
1615918480782654,-1,2,12,8,-2,-4,6,-2
1615918480783650,-3,-2,-36,-25,-1,-3,-16,-3
1615918480783650,-2,0,14,7,-2,4,0,-2
1615918480804594,-1,0,7,-12,1,-1,1,-2
1615918480804594,0,-1,16,22,-2,-6,2,-3
1615918480805592,2,-2,6,1,-2,0,3,0
1615918480805592,2,4,-2,-20,-1,2,-3,0
1615918480817560,-2,-2,-10,38,-3,-6,7,-1
1615918480817560,-5,-5,-17,-19,-2,-7,-7,-3
1615918480826536,0,4,22,11,1,5,4,0
1615918480826536,-2,-4,-18,-35,-3,-2,-7,-3
1615918480841496,-2,-2,21,28,1,-6,0,-2
1615918480841496,-2,-2,-26,-13,-1,-1,7,-1
1615918480843491,0,-1,11,14,-4,-7,-14,0
1615918480843491,0,0,-10,-12,4,7,9,1
1615918480864435,-3,-4,-5,-28,-5,-5,-6,-1
1615918480864435,0,2,11,42,0,0,-3,-1
1615918480865432,-1,0,2,-7,1,1,1,-1
1615918480865432,-2,-3,-11,-10,-4,-4,1,-1
1615918480877400,0,-2,2,-16,2,3,3,-2
1615918480877400,1,1,46,21,0,-1,1,2
1615918480886376,-3,1,11,14,2,-1,2,-1
1615918480886376,-2,1,-4,11,-2,0,-3,-1
1615918480901336,0,2,0,1,-2,2,0,0
1615918480901336,-2,-6,-26,-13,0,3,4,-2
1615918480903331,1,-4,-4,-6,-1,-8,-11,-2
1615918480903331,-1,-1,5,12,8,5,3,1
1615918480924274,-4,0,-4,-1,0,-1,-5,0
1615918480924274,0,0,-7,-11,-1,0,1,0
1615918480926270,-1,-3,-2,-9,-2,-3,4,1
1615918480926270,0,-7,-36,-8,-2,0,-4,-2
1615918480938237,2,5,34,21,-2,-3,-2,0
1615918480938237,-1,-1,-11,13,3,4,-1,-1
1615918480947213,0,3,-5,-13,0,13,6,1
1615918480947213,-6,-2,-7,-7,-3,-19,-7,-3
1615918480961176,-1,-7,-22,-20,0,-7,1,0
1615918480961176,3,4,7,10,0,2,8,1
1615918480968157,-1,-5,-9,-17,-1,-4,-16,-2
1615918480968157,0,5,24,25,-6,-1,1,-3
1615918480984114,-1,-4,-39,-20,0,7,1,0
1615918480984114,-1,0,26,-2,-3,-6,0,-2
1615918480986109,-2,-4,-20,-2,-1,-4,4,-2
1615918480986109,-1,-1,-13,-47,-3,-3,-3,-1
1615918480998078,1,2,61,65,4,1,-1,1
1615918480998078,1,2,-12,-16,-1,1,-5,-1
1615918481007054,-2,2,-1,5,-1,4,5,-2
1615918481007054,0,-1,14,-10,-1,0,-1,0
1615918481022013,-2,-4,-21,-19,-2,0,-1,-3
1615918481022013,-2,-1,-6,13,0,-6,-4,-1
1615918481023010,2,-2,-12,-30,2,-1,8,1
1615918481023010,0,1,5,35,-2,0,-14,-1
1615918481043842,1,4,0,-10,-1,-3,-2,-3
1615918481043842,-2,-6,-13,-16,-5,-8,-5,0
1615918481045837,-1,-2,0,-2,-1,4,11,1
1615918481045837,-2,-5,5,8,1,-2,-10,-3
1615918481057804,2,6,16,17,2,2,-2,0
1615918481057804,-3,-1,-10,-30,-6,-2,-5,-1
1615918481066780,-1,-4,-7,14,-1,-6,2,-2
1615918481066780,-1,2,13,-1,1,-3,3,1
1615918481081742,1,6,28,36,1,6,0,1
1615918481081742,-2,0,-11,-11,7,1,2,-2
1615918481083734,-4,-4,-12,-12,-5,-3,-2,-3
1615918481083734,-2,1,23,25,-3,-1,-17,-4
1615918481104679,-3,-5,-16,-28,-2,2,5,1
1615918481104679,-1,2,26,13,-2,1,-1,-1
1615918481105677,1,0,-11,7,-3,1,2,0
1615918481105677,1,5,4,-23,0,-2,5,1
1615918481126620,-1,-3,6,29,0,2,-1,-2
1615918481126620,-4,-4,-17,-20,-3,-8,-5,-2
1615918481128615,2,4,24,23,1,3,-4,0
1615918481128615,-1,-2,7,-3,-1,6,5,0
1615918481141581,-4,-6,-20,-19,-2,-11,-1,-2
1615918481141581,2,2,-16,0,-1,6,0,-1
1615918481147564,-2,0,14,7,0,-5,-4,-3
1615918481147564,0,-1,-18,3,4,6,5,0
1615918481171500,-1,-2,4,-3,-4,-11,-3,0
1615918481171500,0,0,-16,-20,0,3,0,-1
1615918481173494,-4,-3,-1,1,0,-1,-1,-1
1615918481173494,-2,1,9,28,0,5,1,-1
1615918481187457,2,-1,-2,-23,-4,-16,-7,-2
1615918481187457,-1,1,-3,33,0,1,1,-3
1615918481192445,-1,-1,6,-12,-1,-3,-3,-2
1615918481192445,0,-3,-7,-2,-1,1,10,3
1615918481201420,-2,-3,-11,-12,5,7,-3,0
1615918481201420,-2,-4,6,-1,-2,-6,-5,-3
1615918481203415,0,0,-7,-1,-3,1,3,0
1615918481203415,3,4,12,21,2,2,-8,1
1615918481224358,-3,-9,-40,-31,-3,6,5,-3
1615918481224358,3,7,29,17,1,-6,0,2
1615918481225356,-1,-6,-5,-9,0,-1,-3,-1
1615918481225356,-1,-2,-3,7,-4,2,16,1
1615918481246300,-1,0,-7,-1,2,-1,-16,-2
1615918481246300,-1,-5,11,13,0,6,-2,0
1615918481248295,0,-4,-45,-24,-4,-3,2,-1
1615918481248295,-1,1,13,13,3,-1,1,-1
1615918481261260,0,-1,14,2,-2,-2,1,2
1615918481261260,-1,-1,2,-15,-3,-7,0,0
1615918481268242,1,1,0,20,0,-4,-5,0
1615918481268242,-6,-9,-26,-30,-1,-5,-5,-5
1615918481284199,1,6,12,-1,-2,5,6,1
1615918481284199,1,0,14,-4,-2,-3,-1,-1
1615918481286194,1,2,27,39,3,3,-10,0
1615918481286194,0,-7,-37,-29,-6,-5,1,0
1615918481314119,1,2,29,26,-1,-3,0,0
1615918481314119,-2,-3,4,-7,-2,0,2,-3
1615918481316114,-1,0,-8,-3,-2,-2,4,-1
1615918481316114,-1,-2,-12,-13,1,2,-2,-1
1615918481321100,-3,-4,-12,-31,-1,-5,-2,-3
1615918481321100,0,1,-2,37,1,2,-5,0
1615918481328082,3,1,16,-7,-2,-3,0,3
1615918481328082,-4,-3,-17,-19,-6,-14,-3,-3
1615918481344039,0,0,9,39,0,5,16,0
1615918481344039,-5,-7,-25,-20,-1,2,-27,-5
1615918481346034,-2,-2,-2,-15,-2,-3,1,-1
1615918481346034,-1,3,9,1,1,-3,6,0
1615918481366977,1,2,13,9,-1,10,1,3
1615918481366977,-3,-4,-3,2,-3,-5,3,-2
1615918481367975,-2,-3,-25,-22,2,1,-1,-2
1615918481367975,1,1,16,14,-2,-3,-3,0
1615918481380940,-4,-2,-10,-7,1,1,0,-2
1615918481380940,-4,-5,-13,-8,-1,0,2,-4
1615918481387921,-1,-5,11,-24,1,0,-4,-4
1615918481387921,1,8,37,52,-1,-4,1,2
1615918481403878,1,-2,-23,-20,-1,2,-3,1
1615918481403878,-1,3,26,12,0,-1,5,0
1615918481405874,-1,-1,-7,-1,1,2,1,-1
1615918481405874,-1,-3,-22,-7,-3,-1,-4,-2
1615918481426817,-2,-5,-21,-11,1,1,-6,-3
1615918481426817,2,1,11,7,-1,1,8,2
1615918481428812,-1,1,0,-30,-5,-9,-15,0
1615918481428812,1,-2,2,16,3,3,1,1
1615918481440780,0,6,19,2,-4,-5,-1,-3
1615918481440780,-3,-10,-39,-35,-1,4,14,0
1615918481447762,1,10,55,60,3,0,-3,2
1615918481447762,-2,-3,-1,-33,-5,-7,-7,-4
1615918481463719,0,2,6,1,-1,-5,-6,0
1615918481463719,-2,-2,-10,8,1,7,4,-1
1615918481465714,-2,-3,-13,2,-1,-11,4,0
1615918481465714,-2,-4,-11,-15,-2,6,-3,-3
1615918481486657,1,-2,-8,7,-4,2,0,-2
1615918481486657,-2,1,-6,-5,-2,-8,-6,-1
1615918481488653,0,-2,-12,-7,0,8,9,-1
1615918481488653,-1,-5,-5,-12,0,-3,-18,-3
1615918481500621,-1,-3,-19,1,1,-2,3,1
1615918481500621,0,1,9,-24,-1,2,-3,-1
1615918481507602,-3,-1,-7,28,-5,-4,-1,-2
1615918481507602,0,-3,-15,-9,0,2,9,0
1615918481524556,-1,5,15,-31,-2,0,-4,-2
1615918481524556,-1,-1,13,29,1,-12,-7,-1
1615918481525554,-1,-1,0,-8,-2,4,4,0
1615918481525554,0,-2,-2,7,1,1,2,-2
1615918481546498,-4,-6,-18,-3,0,2,-5,-3
1615918481546498,5,6,-15,13,-1,0,5,3
1615918481548494,-4,-1,8,-20,-3,-2,3,0
1615918481548494,-3,1,1,15,1,-9,-8,-3
1615918481561457,-4,-5,-10,-35,0,-1,5,-2
1615918481561457,0,2,31,43,2,-1,-18,0
1615918481567442,-3,-5,-22,-6,-2,-2,-2,-4
1615918481567442,0,2,-5,-21,-2,2,6,1
1615918481591377,1,0,13,22,1,-1,-2,0
1615918481591377,-4,-6,-2,-16,-2,-4,1,-4
1615918481594370,0,-6,-5,-19,1,4,-1,0
1615918481594370,2,7,28,20,-1,2,6,1
1615918481606337,0,-1,6,24,0,5,3,1
1615918481606337,1,-2,-7,-12,2,-1,1,0
1615918481613319,0,0,-7,-3,-4,-13,-5,-2
1615918481613319,-2,-6,-16,-16,1,-1,-1,-1
1615918481620300,-1,-1,-8,9,1,1,1,0
1615918481620300,-1,1,15,8,0,6,5,0
1615918481629277,-2,3,-5,-22,-2,1,-11,-3
1615918481629277,-2,0,14,-5,-3,-8,1,0
1615918481644237,1,1,15,22,-2,-1,0,-1
1615918481644237,-2,-5,-22,-24,-5,-2,0,-3
1615918481646231,-3,0,-7,0,-1,-1,7,-1
1615918481646231,-1,0,3,2,-1,1,-10,-1
1615918481667175,-1,-2,-16,-12,0,-4,-3,-1
1615918481667175,-1,-4,-19,-14,-2,-8,2,-2
1615918481668172,1,2,14,8,-2,1,-2,-1
1615918481668172,0,0,-7,2,1,2,1,-1
1615918481680140,-3,-4,-23,-30,-7,-4,-1,-2
1615918481680140,0,2,18,15,1,1,-7,0
1615918481689116,0,0,-6,-1,1,2,8,0
1615918481689116,0,0,-3,-1,-3,3,9,0
1615918481704076,0,0,-1,-8,-2,-7,-18,-5
1615918481704076,-1,-2,4,-1,0,2,4,0
1615918481706071,1,4,13,3,4,4,0,2
1615918481706071,-1,1,9,39,1,0,5,2
1615918481726675,-3,-2,-11,-3,0,-4,0,-3
1615918481726675,0,-1,-9,-8,0,2,-2,-1
1615918481728671,-1,-1,-3,-5,0,4,-2,-1
1615918481728671,-1,-4,-18,-22,-7,-4,1,-1
1615918481740639,3,2,18,57,7,3,3,1
1615918481740639,-4,0,-5,-9,-5,-6,-10,-2
1615918481749615,-1,-7,-17,-32,-2,-1,7,-1
1615918481749615,3,6,25,4,2,5,-8,-1
1615918481764576,-1,3,16,6,-4,3,-5,0
1615918481764576,1,-2,-12,-15,-3,2,7,2
1615918481765573,-2,-4,7,28,4,-7,-4,-2
1615918481765573,-3,-2,-18,-29,-6,-5,-5,-2
1615918481786516,-1,-2,9,-15,-4,-2,5,1
1615918481786516,0,1,12,29,2,-1,-5,-1
1615918481789509,1,0,-11,-2,-2,0,-3,-1
1615918481789509,-4,-6,-6,-10,0,-2,3,-1
1615918481800480,3,2,11,24,1,2,0,1
1615918481800480,0,0,-13,-6,0,-1,1,-1
1615918481809455,1,2,5,5,-2,2,-2,2
1615918481809455,-2,-2,8,5,-2,-5,4,-1
1615918481824415,0,-2,-22,-22,-2,1,3,1
1615918481824415,-3,-6,-16,-40,-6,-4,-9,-3
1615918481825412,5,6,38,54,2,2,5,3
1615918481825412,-5,-5,-33,-36,4,1,-5,-4
1615918481846356,0,4,43,18,-2,-2,4,-1
1615918481846356,-1,-4,-41,-23,1,0,3,1
1615918481848351,-1,4,33,7,0,0,-4,0
1615918481848351,-1,1,4,22,-1,6,9,-2
1615918481869295,-3,-3,-20,-19,0,-11,-16,-3
1615918481869295,0,2,11,-3,-1,-2,2,1
1615918481871319,-4,-6,-12,-14,-1,4,-4,-4
1615918481871319,0,-3,-16,15,-1,-7,-6,0
1615918481884279,-2,-3,-15,-12,-1,3,8,0
1615918481884279,-2,-4,-1,-3,2,-1,-3,-2
1615918481890263,0,-2,1,3,-2,-1,1,-1
1615918481890263,-2,0,-5,-11,-2,-5,-3,-2
1615918481907207,-5,-5,-16,-2,-2,-4,-4,-4
1615918481907207,1,4,35,8,-1,3,5,1
1615918481908191,-2,-7,-23,8,-1,-6,-2,-1
1615918481908191,0,4,18,6,-3,-1,-3,0
1615918481929161,-1,-3,-24,-29,0,0,3,0
1615918481929161,-3,-3,4,-1,-3,2,1,0
1615918481931130,3,6,24,18,-1,0,9,2
1615918481931130,0,-3,-7,-23,0,-3,-17,-4
1615918481944095,-3,1,11,31,-1,-2,2,-1
1615918481944095,-1,-1,14,-4,-3,1,6,-3
1615918481946090,0,-1,-18,-7,0,-6,-19,-4
1615918481946090,0,0,3,12,4,3,9,1
1615918481967057,0,5,6,-14,-2,4,-2,-1
1615918481967057,-1,-2,7,11,1,0,-2,1
1615918481968055,-3,-2,-9,-12,0,-7,2,-3
1615918481968055,0,-3,7,10,-4,0,2,-1
1615918481988999,-3,-6,-14,-16,-1,-3,-6,0
1615918481988999,-1,3,14,14,-2,-4,3,0
1615918481991992,-2,-3,-13,-9,-2,1,-2,-1
1615918481991992,-1,1,4,9,0,-1,1,0
1615918482003935,1,0,3,-4,-1,-1,2,0
1615918482003935,-1,-1,-38,-29,1,-2,-6,-3
1615918482005930,-4,-5,17,33,0,-5,-1,-2
1615918482005930,2,4,1,-18,-2,-1,1,2
1615918482027056,1,2,-2,7,0,0,2,-2
1615918482027056,-1,-2,-6,-3,-1,0,-2,-2
1615918482028030,-1,-2,-1,-9,-2,2,-1,1
1615918482028030,-1,-1,12,1,-2,1,1,-1
1615918482040672,-2,-5,-28,-23,-2,-5,-1,-1
1615918482040672,-1,2,11,9,0,1,4,1
1615918482049624,-1,4,29,17,0,0,-15,-3
1615918482049624,-2,-3,5,7,-2,-1,8,-1
1615918482064584,1,1,-4,2,-3,-11,-14,0
1615918482064584,-2,-3,3,-11,0,-1,1,-2
1615918482065582,-1,-1,-16,-11,-2,-2,3,0
1615918482065582,2,1,28,29,1,5,-1,1
