<?xml version="1.0" encoding="UTF-8" standalone="yes" ?><cp:coreProperties xmlns:cp="http://schemas.openxmlformats.org/package/2006/metadata/core-properties" xmlns:dc="http://purl.org/dc/elements/1.1/" xmlns:dcmitype="http://purl.org/dc/dcmitype/" xmlns:dcterms="http://purl.org/dc/terms/" xmlns:xsi="http://www.w3.org/2001/XMLSchema-instance"><cp:category>model</cp:category><dcterms:created xsi:type="dcterms:W3CDTF">2017-02-23T17:12:12Z</dcterms:created><dc:creator>Mark Tomaszewski</dc:creator><dc:description></dc:description><cp:lastModifiedBy>T-Gamer</cp:lastModifiedBy><dcterms:modified xsi:type="dcterms:W3CDTF">2021-06-13T21:00:07Z</dcterms:modified><cp:revision>1.137</cp:revision><cp:version>R2019a</cp:version></cp:coreProperties>