<?xml version="1.0" encoding="UTF-8"?>
<sltp_graph version="1.1" packageUris="http://schema.mathworks.com/mf0/sltp_mm/R2018b_201805251631">
  <sltp.mm.core.Context type="sltp.mm.core.Context" uuid="ce924e59-058f-49a0-b0c0-463c316e1cb2">
    <priorityDirection>HighNumberLast</priorityDirection>
    <unusedIds>4</unusedIds>
    <unusedIds>2</unusedIds>
    <rootTask type="sltp.mm.core.Task" uuid="208395d4-88e4-4e1b-ab0b-4f65afcfb420">
      <context type="sltp.mm.core.Context" uuid="ce924e59-058f-49a0-b0c0-463c316e1cb2"/>
      <explicit>false</explicit>
      <name>Default</name>
      <priority>-2147483648</priority>
      <subgraph type="sltp.mm.core.Graph" uuid="277143ef-d996-4197-a983-631fe84696d6">
        <connections type="sltp.mm.core.Connection" uuid="4632e3a8-ae2e-4afa-9a53-5d2ef9859776">
          <dst type="sltp.mm.core.Task" uuid="f8d81758-e1a5-4ff1-b1e8-ad3addf92328"/>
          <src type="sltp.mm.core.Task" uuid="fbcab283-dfaf-428b-b2f4-79267daab4e7"/>
        </connections>
        <tasks type="sltp.mm.core.Task" uuid="f8d81758-e1a5-4ff1-b1e8-ad3addf92328">
          <baseTask>true</baseTask>
          <context type="sltp.mm.core.Context" uuid="ce924e59-058f-49a0-b0c0-463c316e1cb2"/>
          <explicit>false</explicit>
          <id>1</id>
          <inConnections type="sltp.mm.core.Connection" uuid="4632e3a8-ae2e-4afa-9a53-5d2ef9859776"/>
          <name>D1</name>
          <priority>40</priority>
          <rates type="sltp.mm.core.Rate" uuid="96ad01ce-6d62-4068-9c4d-05309297323d">
            <annotation>D1</annotation>
            <color>-436207361</color>
            <hasBlocks>true</hasBlocks>
            <rateSpec type="sltp.mm.core.RateSpec">
              <period>0.0050000000000000001</period>
            </rateSpec>
            <sti>0</sti>
          </rates>
        </tasks>
        <tasks type="sltp.mm.core.Task" uuid="fbcab283-dfaf-428b-b2f4-79267daab4e7">
          <context type="sltp.mm.core.Context" uuid="ce924e59-058f-49a0-b0c0-463c316e1cb2"/>
          <explicit>false</explicit>
          <id>3</id>
          <name>D2</name>
          <outConnections type="sltp.mm.core.Connection" uuid="4632e3a8-ae2e-4afa-9a53-5d2ef9859776"/>
          <priority>41</priority>
          <rates type="sltp.mm.core.Rate" uuid="0ca1e784-526d-4893-87bf-9a30208c9319">
            <annotation>D2</annotation>
            <color>13697279</color>
            <hasBlocks>true</hasBlocks>
            <rateSpec type="sltp.mm.core.RateSpec">
              <period>0.040000000000000001</period>
            </rateSpec>
            <sti>1</sti>
          </rates>
        </tasks>
      </subgraph>
    </rootTask>
  </sltp.mm.core.Context>
</sltp_graph>