<?xml version="1.0" encoding="UTF-8"?>
<sltp_editor version="1.1" packageUris="http://schema.mathworks.com/mf0/DiagramEditor/R2019a_20181107 http://schema.mathworks.com/mf0/SltpSyntax/R2019a_201812041644">
  <diagram.editor.model.Diagram type="diagram.editor.model.Diagram" uuid="9f58ebb6-da06-4ebf-8b1f-4f4edf622f34">
    <connections type="diagram.editor.model.Connection" uuid="f4304233-f891-4201-9fdc-655028597324">
      <dstElement type="diagram.editor.model.Entity" uuid="8455ad12-378b-46d7-a3d0-79ec0f406109"/>
      <srcElement type="diagram.editor.model.Entity" uuid="be80c450-7f7b-455c-bce2-e00ba5c43b43"/>
      <position>0,0</position>
      <size>0,0,0,0</size>
      <syntaxElement type="sltp.mm.syntax.Edge" uuid="a4f7f33d-fd75-480e-8c6d-082b4ec32403"/>
      <type>graph.Edge</type>
    </connections>
    <entities type="diagram.editor.model.Entity" uuid="8455ad12-378b-46d7-a3d0-79ec0f406109">
      <inConnections type="diagram.editor.model.Connection" uuid="f4304233-f891-4201-9fdc-655028597324"/>
      <position>0,0</position>
      <size>0,0,0,0</size>
      <syntaxElement type="sltp.mm.syntax.Node" uuid="3be64910-92ae-4384-a6d7-73fe327c5858"/>
      <title>D1</title>
      <type>base</type>
      <subDiagram type="diagram.editor.model.Diagram" uuid="9507172c-b74c-40d6-a638-2ae4134b470a">
        <position>0,0</position>
        <syntaxElement type="sltp.mm.syntax.Graph" uuid="cbc5b3d8-2595-410b-860d-0d362dd3c441"/>
        <title>D1</title>
        <type>graph.Graph</type>
      </subDiagram>
    </entities>
    <entities type="diagram.editor.model.Entity" uuid="be80c450-7f7b-455c-bce2-e00ba5c43b43">
      <outConnections type="diagram.editor.model.Connection" uuid="f4304233-f891-4201-9fdc-655028597324"/>
      <position>0,0</position>
      <size>0,0,0,0</size>
      <syntaxElement type="sltp.mm.syntax.Node" uuid="37a74fe7-4998-420b-a369-87f462099dc0"/>
      <title>D2</title>
      <type>implicit-periodic</type>
      <subDiagram type="diagram.editor.model.Diagram" uuid="ced34fdc-1230-4722-bb07-73f5f96d864d">
        <position>0,0</position>
        <syntaxElement type="sltp.mm.syntax.Graph" uuid="07f2c726-c390-43ac-b95b-32c94a49ad90"/>
        <title>D2</title>
        <type>graph.Graph</type>
      </subDiagram>
    </entities>
    <syntaxElement type="sltp.mm.syntax.Graph" uuid="4270c0d5-80f0-431b-8dd5-37f1f5acd582"/>
    <title>Default</title>
    <type>graph.Graph</type>
  </diagram.editor.model.Diagram>
  <sltp.mm.syntax.Graph type="sltp.mm.syntax.Graph" uuid="4270c0d5-80f0-431b-8dd5-37f1f5acd582">
    <children type="sltp.mm.syntax.Node" uuid="3be64910-92ae-4384-a6d7-73fe327c5858">
      <inEdges type="sltp.mm.syntax.Edge" uuid="a4f7f33d-fd75-480e-8c6d-082b4ec32403"/>
      <priority>40</priority>
      <rates type="sltp.mm.syntax.RateData">
        <color>#e60000</color>
        <hasBlocks>true</hasBlocks>
        <rate>0.005</rate>
        <title>D1</title>
      </rates>
      <title>D1</title>
      <type>base</type>
      <diagramElement type="diagram.editor.model.Entity" uuid="8455ad12-378b-46d7-a3d0-79ec0f406109"/>
      <subgraph type="sltp.mm.syntax.Graph" uuid="cbc5b3d8-2595-410b-860d-0d362dd3c441">
        <title>D1</title>
        <diagramElement type="diagram.editor.model.Diagram" uuid="9507172c-b74c-40d6-a638-2ae4134b470a"/>
      </subgraph>
    </children>
    <children type="sltp.mm.syntax.Node" uuid="37a74fe7-4998-420b-a369-87f462099dc0">
      <orderIndex>1</orderIndex>
      <outEdges type="sltp.mm.syntax.Edge" uuid="a4f7f33d-fd75-480e-8c6d-082b4ec32403"/>
      <priority>41</priority>
      <rates type="sltp.mm.syntax.RateData">
        <color>#00d100</color>
        <hasBlocks>true</hasBlocks>
        <rate>0.04</rate>
        <title>D2</title>
      </rates>
      <title>D2</title>
      <type>implicit-periodic</type>
      <diagramElement type="diagram.editor.model.Entity" uuid="be80c450-7f7b-455c-bce2-e00ba5c43b43"/>
      <subgraph type="sltp.mm.syntax.Graph" uuid="07f2c726-c390-43ac-b95b-32c94a49ad90">
        <title>D2</title>
        <diagramElement type="diagram.editor.model.Diagram" uuid="ced34fdc-1230-4722-bb07-73f5f96d864d"/>
      </subgraph>
    </children>
    <edges type="sltp.mm.syntax.Edge" uuid="a4f7f33d-fd75-480e-8c6d-082b4ec32403">
      <dst type="sltp.mm.syntax.Node" uuid="3be64910-92ae-4384-a6d7-73fe327c5858"/>
      <src type="sltp.mm.syntax.Node" uuid="37a74fe7-4998-420b-a369-87f462099dc0"/>
      <type>Delay</type>
      <diagramElement type="diagram.editor.model.Connection" uuid="f4304233-f891-4201-9fdc-655028597324"/>
    </edges>
    <title>Default</title>
    <diagramElement type="diagram.editor.model.Diagram" uuid="9f58ebb6-da06-4ebf-8b1f-4f4edf622f34"/>
  </sltp.mm.syntax.Graph>
</sltp_editor>